{
  "Los Angeles": "Los Angeles County",
  "San Diego": "San Diego County",
  "San Jose": "Santa Clara County",
  "San Francisco": "San Francisco County",
  "Sacramento": "Sacramento County",

  "New York": "New York County",
  "Brooklyn": "Kings County",
  "Queens": "Queens County",
  "Bronx": "Bronx County",

  "Chicago": "Cook County",
  "Houston": "Harris County",
  "Dallas": "Dallas County",
  "Austin": "Travis County",
  "San Antonio": "Bexar County",
  "Fort Worth": "Tarrant County",
  "Phoenix": "Maricopa County",
  "Las Vegas": "Clark County",
  "Denver": "Denver County",
  "Seattle": "King County",
  "Portland": "Multnomah County",

  "Boston": "Suffolk County",
  "Miami": "Miami-Dade County",
  "Orlando": "Orange County",
  "Tampa": "Hillsborough County",
  "Atlanta": "Fulton County",
  "Charlotte": "Mecklenburg County",
  "Nashville": "Davidson County",
  "Detroit": "Wayne County",
  "Minneapolis": "Hennepin County",
  "St. Louis": "St. Louis County",
  "Kansas City": "Jackson County",
  "Cleveland": "Cuyahoga County",
  "Columbus": "Franklin County",
  "Indianapolis": "Marion County",
  "Pittsburgh": "Allegheny County",
  "Philadelphia": "Philadelphia County",
  "Baltimore": "Baltimore County",
  "Washington": "District of Columbia",
  "New Orleans": "Orleans Parish",
  "Salt Lake City": "Salt Lake County",
  "San Bernardino": "San Bernardino County",
  "Riverside": "Riverside County",
  "Anaheim": "Orange County",
  "Oakland": "Alameda County",
  "Tucson": "Pima County",
  "Oklahoma City": "Oklahoma County",
  "Memphis": "Shelby County",
  "Louisville": "Jefferson County",
  "Richmond": "Henrico County"
}
